"category_id","category_name","total_sale","contribution_percentage"
1,"electronics","11343909.690002408","89.7314220495526"
6,"Sports & Outdoors","457462.7899999962","3.6185748831932742"
5,"Toys & Games","354165.59000000067","2.801484047402719"
4,"Pet Supplies","262478.7700000025","2.076232439568432"
2,"clothing","133775.88000000067","1.0581801403893067"
3,"home & kitchen","90277.8400000005","0.7141064398548035"
